model_label,representation,window_size,rul_cap,sample_weight_scheme,mae,rmse,r2,cmapss_score,dangerous_error_pct,note
Ridge baseline,temporal_w30,30.0,125,none,18.41901293841073,23.133111935136288,0.6996039149288349,1073.3350723260992,17.17171717171717,Linear baseline on temporal features
RandomForest baseline,temporal_w30,30.0,125,none,13.817340664249286,17.912073206388644,0.8198982798071819,580.9338452585,14.14141414141414,Strong temporal baseline
XGBRegressor,temporal_w30,30.0,125,none,13.931649073205811,17.238230376456084,0.833194060458082,418.5755696774932,9.090909090909092,Boosting candidate with good dangerous error
LGBM w30 cap125,temporal_w30,30.0,125,none,12.809901011862156,16.517133791119495,0.8468575738424204,397.3150131692883,11.11111111111111,Initial LGBM at temporal_w30
LGBM w50 cap125 none,temporal_w50,50.0,125,none,11.297658014886933,14.428232564560634,0.883143622893585,261.0054156177417,6.0606060606060606,Conservative alternative: lower dangerous error
LGBM w50 cap125 bin_weights,temporal_w50,50.0,125,bin_weights,11.194266564103517,14.03794549498724,0.8893801020405498,251.5543095089348,7.07070707070707,Validation-selected candidate: best C-MAPSS score
MLP cfg03 historical,temporal_w30,30.0,125,none,12.626826575308137,17.051460389636745,0.8367890431723335,449.5291866616722,10.1010101010101,Best MLP from initial search
MLP cfg03 seed average,temporal_w30,30.0,125,none,14.09404651564781,18.600887696151084,0.8054334744169432,598.8972047584596,11.313131313131317,Mean across seeds 0-4
